method,seed,final_clean,final_rauc,final_median_r80,rauc_aulc,best_rauc
failure_only,0,1.0,0.6458333333333334,1.6,0.5481770833333334,0.6458333333333334
failure_only,1,0.875,0.4479166666666667,1.1,0.43098958333333337,0.6145833333333334
failure_only,2,1.0,0.5208333333333334,1.1,0.53515625,0.625
failure_only,3,0.875,0.4583333333333333,1.1,0.5143229166666666,0.6041666666666666
