{
  "alpha": 0.8,
  "burn_in": 80,
  "clean_success": 1.0,
  "decision": "usable-calibration",
  "env_id": "LunarLanderContinuous-v3",
  "horizon": 500,
  "max_recovery": 1.0,
  "mean_crash_rate": 0.32142857142857145,
  "mean_curve": [
    1.0,
    0.9166666666666666,
    0.8611111111111112,
    0.6388888888888888,
    0.5,
    0.3888888888888889,
    0.3055555555555556
  ],
  "min_recovery": 0.3055555555555556,
  "r80": 1.1375,
  "radii": [
    0.0,
    0.5,
    1.0,
    1.5,
    2.0,
    2.5,
    3.0
  ],
  "rauc": 0.6597222222222223,
  "recovery_range": 0.6944444444444444,
  "rows": 252,
  "seed_offset": 0,
  "seeds": 12,
  "trials": 3
}
