method,seed,final_clean,final_rauc,final_median_r80,final_abs_r10,rauc_aulc,best_rauc
uniform,0,0.5625,0.47048112095216876,0.625,1.0,0.3136580504591979,0.47048112095216876
uniform,1,0.65625,0.5382162379720974,0.5,1.0,0.30167416401224134,0.5382162379720974
uniform,2,0.875,0.8251282679993618,0.6616161616161615,1.0,0.5181496712380502,0.8251282679993618
uniform,3,0.78125,0.6420757519390332,0.79375,1.0,0.4672448008263438,0.6420757519390332
