method,seed,final_clean,final_rauc,final_median_r80,rauc_aulc,best_rauc
td_loss,0,0.0,0.0,3.0,0.5013020833333333,0.6666666666666666
td_loss,1,1.0,0.625,1.35,0.5234375,0.625
td_loss,2,1.0,0.5729166666666666,1.6,0.5000000000000001,0.6458333333333334
td_loss,3,1.0,0.6354166666666666,1.85,0.5078125,0.6354166666666666
