{
  "libero_goal_no_noops": {
    "action": {
      "mean": [
        0.1928616464138031,
        0.0021961990278214216,
        -0.10868308693170547,
        -0.030830396339297295,
        0.03724249452352524,
        0.04008934274315834,
        0.74365234375
      ],
      "std": [
        0.3681638240814209,
        0.3308006823062897,
        0.4910794794559479,
        0.048277296125888824,
        0.06842242926359177,
        0.0901305302977562,
        0.4366128146648407
      ],
      "max": [
        0.9375000596046448,
        0.8780462145805359,
        0.9375,
        0.08142857253551483,
        0.26357144117355347,
        0.2724449932575226,
        1.0
      ],
      "min": [
        -0.5408764481544495,
        -0.8758928775787354,
        -0.9375,
        -0.14272689819335938,
        -0.08795377612113953,
        -0.16746218502521515,
        0.0
      ],
      "q01": [
        -0.5028227034211159,
        -0.8758928775787354,
        -0.9375,
        -0.141336128115654,
        -0.06689495593309402,
        -0.13381512463092804,
        0.0
      ],
      "q99": [
        0.9375000596046448,
        0.8150621473789194,
        0.9375,
        0.05426470562815666,
        0.26357144117355347,
        0.2664123475551605,
        1.0
      ],
      "mask": [
        true,
        true,
        true,
        true,
        true,
        true,
        false
      ]
    },
    "proprio": {
      "mean": [
        -0.08876228332519531,
        -0.016798345372080803,
        0.8562151789665222,
        2.9675519466400146,
        0.16755333542823792,
        -0.18847401440143585,
        0.03384691849350929,
        -0.03416972979903221
      ],
      "std": [
        0.07666518539190292,
        0.11750008165836334,
        0.39524343609809875,
        0.329836368560791,
        0.36313727498054504,
        0.23791851103305817,
        0.012059678323566914,
        0.011358924210071564
      ],
      "max": [
        0.1671544760465622,
        0.21150317788124084,
        1.1959295272827148,
        3.1787595748901367,
        1.3603509664535522,
        0.12391501665115356,
        0.04044574126601219,
        -0.002405668143182993
      ],
      "min": [
        -0.21711398661136627,
        -0.4424256384372711,
        0.07162971049547195,
        1.6694403886795044,
        -0.28873878717422485,
        -0.948087215423584,
        0.0018007830949500203,
        -0.040020208805799484
      ],
      "q01": [
        -0.215148463845253,
        -0.3550903791189194,
        0.07334989443421364,
        1.7255192220211029,
        -0.24050405621528628,
        -0.9458650958538055,
        0.0018163084611296655,
        -0.04001113083213568
      ],
      "q99": [
        0.12454677782952783,
        0.17043463900685293,
        1.1834511756896973,
        3.1549787521362305,
        1.3203085505962369,
        0.02724671285599453,
        0.04025885660201311,
        -0.0024403666029684254
      ]
    },
    "num_transitions": 2048,
    "num_trajectories": 32
  }
}