{
  "configs": [
    {
      "ablation_delta": -0.0007700892857142594,
      "ablation_rauc": 0.49329241071428565,
      "batch": 10,
      "best_bgr_method": "bgr",
      "best_bgr_rauc": 0.4925223214285714,
      "candidate": false,
      "config_id": 0,
      "elapsed_sec": 193.39611506462097,
      "eval_every": 70,
      "failure_delta": -0.026305803571428588,
      "failure_only_rauc": 0.518828125,
      "fixed_delta": -0.014252232142857146,
      "fixed_radius": 1.0,
      "fixed_rauc": 0.5067745535714285,
      "init_noise": 0.01,
      "iterations": 140,
      "losses": 6,
      "lr": 0.08,
      "mode": "up",
      "r80_delta": 0.0,
      "target_radius": 1.0,
      "td_delta": 0.06101562499999996,
      "td_loss_rauc": 0.4315066964285714,
      "uniform_delta": -0.014542410714285803,
      "uniform_rauc": 0.5070647321428572,
      "wins": 2
    },
    {
      "ablation_delta": -0.006595982142857171,
      "ablation_rauc": 0.5072991071428572,
      "batch": 10,
      "best_bgr_method": "bgr_coverage",
      "best_bgr_rauc": 0.500703125,
      "candidate": false,
      "config_id": 1,
      "elapsed_sec": 192.19656491279602,
      "eval_every": 70,
      "failure_delta": -0.018124999999999947,
      "failure_only_rauc": 0.518828125,
      "fixed_delta": -0.007790178571428497,
      "fixed_radius": 2.0,
      "fixed_rauc": 0.5084933035714285,
      "init_noise": 0.01,
      "iterations": 140,
      "losses": 5,
      "lr": 0.08,
      "mode": "up",
      "r80_delta": 0.0,
      "target_radius": 2.0,
      "td_delta": 0.0691964285714286,
      "td_loss_rauc": 0.4315066964285714,
      "uniform_delta": -0.006361607142857162,
      "uniform_rauc": 0.5070647321428572,
      "wins": 3
    },
    {
      "ablation_delta": 0.003973214285714233,
      "ablation_rauc": 0.49960937499999997,
      "batch": 10,
      "best_bgr_method": "bgr_coverage",
      "best_bgr_rauc": 0.5035825892857142,
      "candidate": false,
      "config_id": 2,
      "elapsed_sec": 192.44252586364746,
      "eval_every": 70,
      "failure_delta": -0.015245535714285774,
      "failure_only_rauc": 0.518828125,
      "fixed_delta": 0.0018303571428570642,
      "fixed_radius": 3.0,
      "fixed_rauc": 0.5017522321428571,
      "init_noise": 0.01,
      "iterations": 140,
      "losses": 5,
      "lr": 0.08,
      "mode": "up",
      "r80_delta": 0.0,
      "target_radius": 3.0,
      "td_delta": 0.07207589285714278,
      "td_loss_rauc": 0.4315066964285714,
      "uniform_delta": -0.003482142857142989,
      "uniform_rauc": 0.5070647321428572,
      "wins": 3
    },
    {
      "ablation_delta": -0.004419642857142858,
      "ablation_rauc": 0.38171875,
      "batch": 10,
      "best_bgr_method": "bgr_coverage",
      "best_bgr_rauc": 0.37729910714285714,
      "candidate": false,
      "config_id": 3,
      "elapsed_sec": 202.51566529273987,
      "eval_every": 70,
      "failure_delta": -0.012533482142857155,
      "failure_only_rauc": 0.3898325892857143,
      "fixed_delta": -0.0033816964285714457,
      "fixed_radius": 1.0,
      "fixed_rauc": 0.3806808035714286,
      "init_noise": 0.01,
      "iterations": 140,
      "losses": 4,
      "lr": 0.08,
      "mode": "down",
      "r80_delta": 0.0,
      "target_radius": 1.0,
      "td_delta": 0.03941964285714289,
      "td_loss_rauc": 0.33787946428571425,
      "uniform_delta": -0.001741071428571439,
      "uniform_rauc": 0.3790401785714286,
      "wins": 4
    },
    {
      "ablation_delta": -0.004084821428571472,
      "ablation_rauc": 0.3822544642857143,
      "batch": 10,
      "best_bgr_method": "bgr_coverage",
      "best_bgr_rauc": 0.37816964285714283,
      "candidate": false,
      "config_id": 4,
      "elapsed_sec": 201.85358452796936,
      "eval_every": 70,
      "failure_delta": -0.011662946428571463,
      "failure_only_rauc": 0.3898325892857143,
      "fixed_delta": -0.007968750000000024,
      "fixed_radius": 2.0,
      "fixed_rauc": 0.38613839285714285,
      "init_noise": 0.01,
      "iterations": 140,
      "losses": 3,
      "lr": 0.08,
      "mode": "down",
      "r80_delta": 0.0,
      "target_radius": 2.0,
      "td_delta": 0.04029017857142858,
      "td_loss_rauc": 0.33787946428571425,
      "uniform_delta": -0.0008705357142857473,
      "uniform_rauc": 0.3790401785714286,
      "wins": 5
    },
    {
      "ablation_delta": 0.009386160714285718,
      "ablation_rauc": 0.37650669642857143,
      "batch": 10,
      "best_bgr_method": "bgr_coverage",
      "best_bgr_rauc": 0.38589285714285715,
      "candidate": false,
      "config_id": 5,
      "elapsed_sec": 202.82225561141968,
      "eval_every": 70,
      "failure_delta": -0.003939732142857144,
      "failure_only_rauc": 0.3898325892857143,
      "fixed_delta": 0.008593750000000011,
      "fixed_radius": 3.0,
      "fixed_rauc": 0.37729910714285714,
      "init_noise": 0.01,
      "iterations": 140,
      "losses": 3,
      "lr": 0.08,
      "mode": "down",
      "r80_delta": 0.0,
      "target_radius": 3.0,
      "td_delta": 0.0480133928571429,
      "td_loss_rauc": 0.33787946428571425,
      "uniform_delta": 0.006852678571428572,
      "uniform_rauc": 0.3790401785714286,
      "wins": 5
    },
    {
      "ablation_delta": 0.005970982142857184,
      "ablation_rauc": 0.428984375,
      "batch": 10,
      "best_bgr_method": "bgr_coverage",
      "best_bgr_rauc": 0.43495535714285716,
      "candidate": false,
      "config_id": 6,
      "elapsed_sec": 197.40474343299866,
      "eval_every": 70,
      "failure_delta": -0.014821428571428541,
      "failure_only_rauc": 0.4497767857142857,
      "fixed_delta": -0.012421875000000027,
      "fixed_radius": 1.0,
      "fixed_rauc": 0.4473772321428572,
      "init_noise": 0.01,
      "iterations": 140,
      "losses": 5,
      "lr": 0.08,
      "mode": "dealer_signed",
      "r80_delta": 0.0,
      "target_radius": 1.0,
      "td_delta": 0.04921874999999998,
      "td_loss_rauc": 0.3857366071428572,
      "uniform_delta": -0.0063950892857142505,
      "uniform_rauc": 0.4413504464285714,
      "wins": 3
    },
    {
      "ablation_delta": -0.0026562500000000266,
      "ablation_rauc": 0.4413392857142857,
      "batch": 10,
      "best_bgr_method": "bgr_coverage",
      "best_bgr_rauc": 0.4386830357142857,
      "candidate": false,
      "config_id": 7,
      "elapsed_sec": 197.54936814308167,
      "eval_every": 70,
      "failure_delta": -0.011093750000000013,
      "failure_only_rauc": 0.4497767857142857,
      "fixed_delta": -0.007299107142857197,
      "fixed_radius": 2.0,
      "fixed_rauc": 0.4459821428571429,
      "init_noise": 0.01,
      "iterations": 140,
      "losses": 3,
      "lr": 0.08,
      "mode": "dealer_signed",
      "r80_delta": 0.0,
      "target_radius": 2.0,
      "td_delta": 0.052946428571428505,
      "td_loss_rauc": 0.3857366071428572,
      "uniform_delta": -0.002667410714285723,
      "uniform_rauc": 0.4413504464285714,
      "wins": 5
    },
    {
      "ablation_delta": -0.011216517857142838,
      "ablation_rauc": 0.4514285714285714,
      "batch": 10,
      "best_bgr_method": "bgr_coverage",
      "best_bgr_rauc": 0.44021205357142856,
      "candidate": false,
      "config_id": 8,
      "elapsed_sec": 198.55766940116882,
      "eval_every": 70,
      "failure_delta": -0.009564732142857135,
      "failure_only_rauc": 0.4497767857142857,
      "fixed_delta": 0.0014508928571428381,
      "fixed_radius": 3.0,
      "fixed_rauc": 0.4387611607142857,
      "init_noise": 0.01,
      "iterations": 140,
      "losses": 5,
      "lr": 0.08,
      "mode": "dealer_signed",
      "r80_delta": 0.0,
      "target_radius": 3.0,
      "td_delta": 0.054475446428571384,
      "td_loss_rauc": 0.3857366071428572,
      "uniform_delta": -0.0011383928571428448,
      "uniform_rauc": 0.4413504464285714,
      "wins": 3
    }
  ],
  "package_versions": {
    "gymnasium": "1.3.0",
    "numpy": "2.2.6"
  }
}
