{"action": {"mean": [0.6668697595596313, 0.0009086038917303085, -0.0036764706019312143, -0.0648445338010788, 0.11436555534601212, 0.09950911998748779, 1.0], "std": [0.07401242107152939, 0.002829137723892927, 0.0, 0.01686202362179756, 0.002903731307014823, 0.010448851622641087, 0.0], "max": [0.7096008658409119, 0.0025420072488486767, -0.0036764706019312143, -0.03563865274190903, 0.11604202538728714, 0.10554176568984985, 1.0], "min": [0.5386765003204346, -0.003991606179624796, -0.0036764706019312143, -0.07457982748746872, 0.10933614522218704, 0.08141117542982101, 1.0], "q01": [0.5438042312860489, -0.003795597776770592, -0.0036764706019312143, -0.07457982748746872, 0.10953732162714004, 0.08213509313762188, 1.0], "q99": [0.7096008658409119, 0.0025420072488486767, -0.0036764706019312143, -0.03680688798427583, 0.11604202538728714, 0.10554176568984985, 1.0]}, "proprio": {"mean": [-0.21680812537670135, 0.00942231249064207, 1.17117440700531, 3.1397178173065186, 0.004874969366937876, -0.08865418285131454, 0.0387214720249176, -0.03872411325573921], "std": [0.0, 0.0, 0.0, 0.0, 0.0, 0.0, 0.0, 0.0], "max": [-0.21680812537670135, 0.00942231249064207, 1.17117440700531, 3.1397178173065186, 0.004874969366937876, -0.08865418285131454, 0.0387214720249176, -0.03872411325573921], "min": [-0.21680812537670135, 0.00942231249064207, 1.17117440700531, 3.1397178173065186, 0.004874969366937876, -0.08865418285131454, 0.0387214720249176, -0.03872411325573921], "q01": [-0.21680812537670135, 0.00942231249064207, 1.17117440700531, 3.1397178173065186, 0.004874969366937876, -0.08865418285131454, 0.0387214720249176, -0.03872411325573921], "q99": [-0.21680812537670135, 0.00942231249064207, 1.17117440700531, 3.1397178173065186, 0.004874969366937876, -0.08865418285131454, 0.0387214720249176, -0.03872411325573921]}, "num_transitions": 4, "num_trajectories": 4}