{
  "burn_in": 80,
  "clean_success": 1.0,
  "controller_amplitude": 0.8,
  "controller_period": 30.0,
  "curve": [
    1.0,
    0.1,
    0.0,
    0.0,
    0.0,
    0.0,
    0.0,
    0.0
  ],
  "decision": "usable-calibration",
  "env_id": "HalfCheetah-v5",
  "horizon": 80,
  "max_recovery": 1.0,
  "min_progress": 1.0,
  "min_recovery": 0.0,
  "position_scale": 0.35,
  "progress_curve": [
    1.2872706547850494,
    0.16136596346171175,
    -0.017940992298138444,
    -0.016413416400150965,
    -0.012715439167044939,
    -0.012913577381156886,
    -0.007195427752940628,
    -0.010097686309202731
  ],
  "r80": 0.05555555555555554,
  "radii": [
    0.0,
    0.25,
    0.5,
    0.8,
    1.1,
    1.5,
    2.0,
    2.5
  ],
  "rauc": 0.06000000000000001,
  "rows": 960,
  "seeds": 12,
  "termination_curve": [
    0.0,
    0.9,
    1.0,
    1.0,
    1.0,
    1.0,
    1.0,
    1.0
  ],
  "trials": 10,
  "velocity_scale": 1.0
}
