{
  "alpha": 0.8,
  "burn_in": 90,
  "clean_success": 0.9166666666666666,
  "decision": "usable-calibration",
  "env_id": "LunarLander-v3",
  "horizon": 260,
  "max_recovery": 0.9166666666666666,
  "mean_crash_rate": 0.162037037037037,
  "mean_curve": [
    0.9166666666666666,
    0.9166666666666666,
    0.8055555555555556,
    0.6944444444444444,
    0.6944444444444444,
    0.5833333333333334
  ],
  "min_recovery": 0.5833333333333334,
  "r80": 0.5299999999999998,
  "radii": [
    0.0,
    0.2,
    0.4,
    0.6,
    0.8,
    1.0
  ],
  "rauc": 0.7722222222222223,
  "recovery_range": 0.33333333333333326,
  "rows": 216,
  "seed_offset": 0,
  "seeds": 12,
  "trials": 3
}
