method,seed,final_clean,final_rauc,final_median_r80,rauc_aulc,best_rauc
bgr_coverage,0,1.0,0.7395833333333334,1.85,0.3619791666666667,0.7395833333333334
bgr_coverage,1,0.875,0.6666666666666666,2.1,0.5520833333333334,0.7291666666666666
bgr_coverage,2,1.0,0.59375,1.35,0.6015625000000001,0.8020833333333334
bgr_coverage,3,0.875,0.6666666666666666,1.6,0.54296875,0.6979166666666666
