{
  "libero_goal_no_noops": {
    "action": {
      "mean": [
        0.15056365728378296,
        0.09747115522623062,
        -0.1387730836868286,
        -0.029160749167203903,
        0.036739565432071686,
        0.04268250986933708,
        0.73828125
      ],
      "std": [
        0.35590073466300964,
        0.33484891057014465,
        0.47024819254875183,
        0.04605945199728012,
        0.07534507662057877,
        0.09606418758630753,
        0.43956270813941956
      ],
      "max": [
        0.9375000596046448,
        0.8780462145805359,
        0.9375,
        0.1039285734295845,
        0.26357144117355347,
        0.30059733986854553,
        1.0
      ],
      "min": [
        -0.6398748755455017,
        -0.8758928775787354,
        -0.9375,
        -0.1510714292526245,
        -0.09547478705644608,
        -0.16746218502521515,
        0.0
      ],
      "q01": [
        -0.5408764481544495,
        -0.8758928775787354,
        -0.9375,
        -0.1399453729391098,
        -0.09246638417243958,
        -0.115697480738163,
        0.0
      ],
      "q99": [
        0.9375000596046448,
        0.8397164344787598,
        0.9375,
        0.059231095016002655,
        0.2535126209259033,
        0.2664123475551605,
        1.0
      ],
      "mask": [
        true,
        true,
        true,
        true,
        true,
        true,
        false
      ]
    },
    "proprio": {
      "mean": [
        -0.11121868342161179,
        0.03962073475122452,
        0.965745210647583,
        2.9631028175354004,
        0.2008623480796814,
        -0.17965064942836761,
        0.03371480107307434,
        -0.03401458263397217
      ],
      "std": [
        0.06474516540765762,
        0.12894564867019653,
        0.3094896972179413,
        0.34816479682922363,
        0.42691880464553833,
        0.27791115641593933,
        0.011929803527891636,
        0.011322852224111557
      ],
      "max": [
        0.06820106506347656,
        0.37110960483551025,
        1.1905378103256226,
        3.2046804428100586,
        1.707800269126892,
        0.27032607793807983,
        0.04044574126601219,
        -0.00230803107842803
      ],
      "min": [
        -0.21711398661136627,
        -0.24204818904399872,
        0.07162971049547195,
        1.6352258920669556,
        -0.28873878717422485,
        -1.0713061094284058,
        0.0018007830949500203,
        -0.04000944271683693
      ],
      "q01": [
        -0.215148463845253,
        -0.24126015603542328,
        0.07761968672275543,
        1.705248236656189,
        -0.17804034054279327,
        -1.052240252494812,
        0.002072756178677082,
        -0.040008824318647385
      ],
      "q99": [
        0.05743082985281944,
        0.3702012002468109,
        1.1890910863876343,
        3.197305202484131,
        1.6454628705978394,
        0.25181931257247925,
        0.039909690618515015,
        -0.0025380300357937813
      ]
    },
    "num_transitions": 2048,
    "num_trajectories": 32
  }
}