method,seed,final_clean,final_rauc,final_median_r80,rauc_aulc,best_rauc
fixed,0,1.0,0.6979166666666666,2.1,0.47916666666666663,0.6979166666666666
fixed,1,0.25,0.20833333333333334,3.0,0.33854166666666663,0.53125
fixed,2,1.0,0.625,1.6,0.5924479166666666,0.7604166666666666
fixed,3,0.875,0.375,0.6,0.5455729166666666,0.6354166666666666
