{
  "clean_success": 1.0,
  "decision": "usable-calibration",
  "env_id": "InvertedDoublePendulum-v5",
  "horizon": 250,
  "linearization_eps": 1e-05,
  "max_recovery": 1.0,
  "mean_curve": [
    1.0,
    1.0,
    0.9375,
    0.7708333333333334,
    0.375,
    0.14583333333333334,
    0.08333333333333333,
    0.020833333333333332,
    0.0,
    0.0
  ],
  "mean_max_abs_pole_angle": 0.5981298651595169,
  "min_recovery": 0.0,
  "q_cart": 1.0,
  "q_cart_vel": 0.2,
  "q_pole1": 40.0,
  "q_pole1_vel": 1.5,
  "q_pole2": 48.0,
  "q_pole2_vel": 1.5,
  "r80": 0.2825,
  "r_action": 0.02,
  "radii": [
    0.0,
    0.1,
    0.2,
    0.3,
    0.4,
    0.5,
    0.6,
    0.7,
    0.8,
    0.9
  ],
  "rauc": 0.42592592592592593,
  "recovery_range": 1.0,
  "rows": 480,
  "seed_offset": 420000,
  "seeds": 12,
  "trials": 4
}
