method,n,probes_per_state,r80_mae_mean,r80_mae_sem,rauc_mae_mean,rauc_mae_sem,hit_rate_mean,hit_rate_sem
Active BGR,30,17,0.08062903503722191,0.0010230711689489273,0.06451588842748637,0.0003536886728471565,0.6700520833333333,0.004201458773088082
Uniform,30,17,0.10545955796785086,0.0011201164268234663,0.06609422096248499,0.0003623601732426061,0.594921875,0.004203197773159685
