method,n,clean_mean,clean_sem,rauc_mean,rauc_sem,r80_mean,r80_sem,aulc_mean,aulc_sem
BGR,30,0.9454893391894625,0.0004825326094247043,0.43444252393637156,0.0003769763011844554,0.344682154713243,0.0007920307208221895,0.3526276817676416,0.00039932351601517545
No uncertainty,30,0.9455318671655972,0.0004609808671455705,0.4348923242981753,0.0003646763666332944,0.34434372679314096,0.0007061065914656444,0.3527513207396243,0.00037523827326384717
No sharpness,30,0.9463851248644984,0.0004779820633002821,0.43460325211077433,0.0003941899366831207,0.344374985533691,0.0006138978548592337,0.3527570589489466,0.00038929590841610325
Uniform radius,30,0.8909948503614417,0.0004590383167983189,0.38193519016172855,0.0004826033685864661,0.3223410155584236,0.0006169831450119997,0.30508563523798793,0.0004487974704423565
Uniform replay,30,0.8939369844965863,0.0004407406688212723,0.39632266688430834,0.0003733123260372223,0.33207844927811875,0.0005884124610575373,0.31322194980793877,0.0004225512567611298
