learning_rate,method,n,clean_mean,clean_sem,rauc_mean,rauc_sem,r80_mean,r80_sem,aulc_mean,aulc_sem
0.015,BGR,30,0.9453187191652552,0.0005263586653358139,0.38197258386348076,0.0003756235794498187,0.2996651730237999,0.0007063928227826362,0.31244427454377194,0.00038032373074979814
0.015,Uniform,30,0.8842712312236471,0.00044069767705432047,0.3199981715393588,0.0004100374779080163,0.2491365990521455,0.0004593234707523448,0.26929127128758024,0.0004378233520662735
0.03,BGR,30,0.9454893391894625,0.0004825326094247043,0.43444252393637156,0.0003769763011844554,0.344682154713243,0.0007920307208221895,0.3526276817676416,0.00039932351601517545
0.03,Uniform,30,0.8939369844965863,0.0004407406688212723,0.39632266688430834,0.0003733123260372223,0.33207844927811875,0.0005884124610575373,0.31322194980793877,0.0004225512567611298
0.06,BGR,30,0.9436848578456776,0.0005188722021882475,0.4853832336021448,0.0003826690630266878,0.40768651006343504,0.0006505946707565021,0.39612743853675964,0.00039799325793435966
0.06,Uniform,30,0.8989036437395457,0.00044679101961718243,0.4908122607107707,0.00041114508071328254,0.4400497314172555,0.0006439735980772383,0.3787057404559361,0.0004611012848259386
