regime,regime_label,method,obstacle_prob,grid_size,max_offset,n,clean_mean,clean_sem,rauc_mean,rauc_sem,r80_mean,r80_sem,aulc_mean,aulc_sem
high_obstacle,High obstacle,BGR,0.3,11,7,15,0.9457848586540971,0.0007415908368213278,0.434369471366577,0.0006056856277013342,0.34453375146786347,0.0007766597066422754,0.35238198303629703,0.000627944959051485
high_obstacle,High obstacle,Uniform,0.3,11,7,15,0.8942854401137843,0.0007325607116228425,0.39605695688135717,0.0005820369918110351,0.33177905645961314,0.0006938630803168978,0.31292650076368594,0.0006345963111813669
low_obstacle,Low obstacle,BGR,0.14,11,5,15,0.9460752150238256,0.0007407662120316176,0.43450792015722267,0.0006156492197341972,0.34437422447957394,0.0008797111499897668,0.3525660525903868,0.0006301989369081177
low_obstacle,Low obstacle,Uniform,0.14,11,5,15,0.8942855579868645,0.0007326593872074967,0.3961472893090588,0.0005807571927837143,0.3318429443055153,0.0006770187322824595,0.31289106830789554,0.0006339015628297615
nominal,Nominal,BGR,0.22,11,6,15,0.94605860778616,0.0007789402487245105,0.4345018006021572,0.0006022123017786832,0.34414988173046074,0.0009999524882049577,0.3525309593207799,0.0006351221427399161
nominal,Nominal,Uniform,0.22,11,6,15,0.8942860471236325,0.0007327212760915805,0.3961277428632299,0.0005795522920236746,0.33184313342425464,0.000678500886378879,0.312902570782272,0.0006332965381336872
