stress_case,stress_label,method,n,clean_mean,clean_sem,rauc_mean,rauc_sem,r80_mean,r80_sem,transfer_rauc_mean,transfer_rauc_sem,aulc_mean,aulc_sem
diffuse_boundary,Diffuse boundary,BGR,30,0.9281995404203509,0.00043614251939562236,0.457305339298205,0.0002958597157575059,0.3260376663114545,0.0005240622542488087,,,0.37338793116638475,0.0002930709610095067
diffuse_boundary,Diffuse boundary,Uniform,30,0.8784524450449332,0.00044403151702401226,0.42992059054367343,0.0003364752454789489,0.32614218792464167,0.00042989097629565065,,,0.33867029357303596,0.0003811520049154889
low_feasibility,Low feasibility,BGR,30,0.9451198302205117,0.0004508862139035303,0.36161676360483086,0.0003928805007373954,0.2852465116880783,0.001060840822057965,,,0.30468485843968335,0.00035854068053348874
low_feasibility,Low feasibility,Uniform,30,0.8875181702404947,0.00045486806243155676,0.32339717724585193,0.0003809143138797698,0.26163865077915205,0.0007390913263716581,,,0.2707603085461036,0.0003701693252735446
sharp_low_margin,Sharp low-margin,BGR,30,0.9621272108269671,0.0003502075641741738,0.39804027658036495,0.0003165381703255882,0.3292819147476296,0.00036980804472142953,,,0.30757492291188515,0.00024537971890556913
sharp_low_margin,Sharp low-margin,Uniform,30,0.8938218788981283,0.00043836427691679885,0.3250349382286196,0.00034671611933945244,0.29188669834112363,0.0009101631692962202,,,0.2450705885024531,0.00031781984012510116
