target_margin,n,clean_mean,clean_sem,rauc_mean,rauc_sem,r80_mean,r80_sem,aulc_mean,aulc_sem
0.26,15,0.9511598107516152,0.0006670498650238885,0.4429134741662475,0.0005369992280029333,0.35143278202713224,0.0008763606819383562,0.3587294046610209,0.0005555396671270875
0.32,15,0.9492849818489358,0.0008370575421786185,0.43901329687106716,0.000602547264784886,0.3487524321874538,0.0008334799035778664,0.35576789896509026,0.0006111557806998427
0.38,15,0.94605860778616,0.0007789402487245105,0.4345018006021572,0.0006022123017786832,0.34414988173046074,0.0009999524882049577,0.3525309593207799,0.0006351221427399161
0.46,15,0.9413656875042526,0.0008730187182716265,0.4265602475529968,0.0006414398151312493,0.33630900514981205,0.0008255373062403411,0.3467171265662087,0.0006069625342814334
0.54,15,0.9349734192359989,0.0007993988667702541,0.4152145343282156,0.0007811238555634184,0.32953804766887546,0.0010004815356826266,0.33882302282373117,0.0006150661923957569
