method,seed,final_clean,final_rauc,final_median_r80,rauc_aulc,best_rauc
uniform,0,0.875,0.4270833333333333,0.6000000000000001,0.46875,0.5729166666666666
uniform,1,1.0,0.5416666666666666,1.6,0.5546875,0.59375
uniform,2,0.75,0.3125,0.6000000000000001,0.40234375,0.6145833333333334
uniform,3,1.0,0.6770833333333334,1.6,0.5807291666666667,0.6770833333333334
