{
  "libero_goal_no_noops": {
    "action": {
      "mean": [
        0.6615286469459534,
        -0.014200377278029919,
        0.016084562987089157,
        -0.07492751628160477,
        0.06889130175113678,
        0.1111973449587822,
        1.0
      ],
      "std": [
        0.032781779766082764,
        0.03258373215794563,
        0.031165411695837975,
        0.0278303325176239,
        0.06257603317499161,
        0.03715522214770317,
        0.0
      ],
      "max": [
        0.7096008658409119,
        0.015609233640134335,
        0.11397058516740799,
        -0.01616806350648403,
        0.23004202544689178,
        0.14374852180480957,
        1.0
      ],
      "min": [
        0.5814076066017151,
        -0.1281302571296692,
        -0.0036764706019312143,
        -0.10934873670339584,
        -0.0013109176652505994,
        0.007008526474237442,
        1.0
      ],
      "q01": [
        0.5814076066017151,
        -0.1281302571296692,
        -0.0036764706019312143,
        -0.10934873670339584,
        -0.0013109176652505994,
        0.007008526474237442,
        1.0
      ],
      "q99": [
        0.7096008658409119,
        0.015609233640134335,
        0.11397058516740799,
        -0.01616806350648403,
        0.23004202544689178,
        0.14374852180480957,
        1.0
      ],
      "mask": [
        true,
        true,
        true,
        true,
        true,
        true,
        false
      ]
    },
    "proprio": {
      "mean": [
        -0.17056801915168762,
        0.006738291122019291,
        1.1630749702453613,
        3.080333709716797,
        0.120290607213974,
        -0.14506566524505615,
        0.03911237046122551,
        -0.03913683071732521
      ],
      "std": [
        0.034844934940338135,
        0.0015839484985917807,
        0.0034557816106826067,
        0.0479590967297554,
        0.08736156672239304,
        0.040411487221717834,
        0.00018138501036446542,
        0.0001968840806512162
      ],
      "max": [
        -0.10866308212280273,
        0.00942231249064207,
        1.17117440700531,
        3.1397178173065186,
        0.2744098901748657,
        -0.08508014678955078,
        0.03935675323009491,
        -0.03872411325573921
      ],
      "min": [
        -0.21680812537670135,
        0.004897935315966606,
        1.1602603197097778,
        2.987997055053711,
        0.004874969366937876,
        -0.19498558342456818,
        0.0387214720249176,
        -0.03941969573497772
      ],
      "q01": [
        -0.21680812537670135,
        0.004897935315966606,
        1.1602603197097778,
        2.987997055053711,
        0.004874969366937876,
        -0.19498558342456818,
        0.0387214720249176,
        -0.03941969573497772
      ],
      "q99": [
        -0.10866308212280273,
        0.00942231249064207,
        1.17117440700531,
        3.1397178173065186,
        0.2744098901748657,
        -0.08508014678955078,
        0.03935675323009491,
        -0.03872411325573921
      ]
    },
    "num_transitions": 64,
    "num_trajectories": 4
  }
}