{
  "burn_in": 80,
  "clean_success": 0.7416666666666667,
  "controller_amplitude": 1.0,
  "controller_frequency": 0.4,
  "curve": [
    0.7416666666666667,
    0.0,
    0.0,
    0.0,
    0.0,
    0.0,
    0.0,
    0.0
  ],
  "decision": "reject-calibration-low-clean-success",
  "env_id": "Swimmer-v5",
  "horizon": 120,
  "max_recovery": 0.7416666666666667,
  "min_progress": 0.15,
  "min_recovery": 0.0,
  "position_scale": 0.2,
  "progress_curve": [
    0.18700168748556495,
    0.016243348345495134,
    0.01622337059276108,
    0.01620980707009656,
    0.016274076045948924,
    0.016409222260419402,
    0.016649908385299974,
    0.01786835315758545
  ],
  "r80": 0.049999999999999996,
  "radii": [
    0.0,
    0.25,
    0.5,
    0.75,
    1.0,
    1.25,
    1.5,
    2.0
  ],
  "rauc": 0.04635416666666667,
  "rows": 960,
  "seeds": 12,
  "trials": 10,
  "velocity_scale": 0.4
}
