method,seed,final_clean,final_rauc,final_median_r80,rauc_aulc,best_rauc
bgr,0,0.25,0.3958333333333333,3.0,0.5768229166666667,0.6458333333333334
bgr,1,1.0,0.5833333333333334,1.6,0.5572916666666667,0.6770833333333334
bgr,2,1.0,0.5416666666666666,1.35,0.48046875,0.71875
bgr,3,1.0,0.6354166666666666,1.6,0.6328125,0.7395833333333334
