{
  "clean_success": 1.0,
  "decision": "usable-calibration",
  "env_id": "minatar-seaquest",
  "max_recovery": 1.0,
  "mean_curve": [
    1.0,
    1.0,
    0.9666666666666667,
    0.9666666666666667,
    0.9333333333333333,
    0.5333333333333333
  ],
  "mean_reward": 0.9777777777777777,
  "mean_terminal_rate": 0.09999999999999999,
  "min_recovery": 0.5333333333333333,
  "r80": 4.333333333333333,
  "radii": [
    0.0,
    1.0,
    2.0,
    3.0,
    4.0,
    5.0
  ],
  "rauc": 0.9266666666666667,
  "recovery_range": 0.4666666666666667,
  "seeds": 30
}
