method,seed,final_clean,final_rauc,final_median_r80,rauc_aulc,best_rauc
uniform,0,0.85,0.7768253968253968,0.375,0.28908730158730156,0.7768253968253968
uniform,1,0.8166666666666667,0.7204398148148148,0.37777777777777777,0.25631531084656084,0.7204398148148148
uniform,2,0.85,0.7485251322751324,0.4333333333333333,0.2377744708994709,0.7485251322751324
uniform,3,0.8666666666666667,0.7926256613756614,0.41666666666666663,0.3117625661375661,0.7926256613756614
