{
  "libero_goal_no_noops": {
    "action": {
      "mean": [
        0.6165719628334045,
        -0.012362797744572163,
        0.0033318018540740013,
        -0.07555770128965378,
        0.06535500288009644,
        0.1270330548286438,
        1.0
      ],
      "std": [
        0.10821251571178436,
        0.031023237854242325,
        0.049452103674411774,
        0.030484501272439957,
        0.06193570792675018,
        0.05598384141921997,
        0.0
      ],
      "max": [
        0.7096008658409119,
        0.04827729985117912,
        0.11397058516740799,
        -0.009214282035827637,
        0.23004202544689178,
        0.24228176474571228,
        1.0
      ],
      "min": [
        0.35350844264030457,
        -0.1281302571296692,
        -0.12132352590560913,
        -0.11908403038978577,
        -0.0013109176652505994,
        0.007008526474237442,
        1.0
      ],
      "q01": [
        0.3624819687008858,
        -0.1281302571296692,
        -0.12132352590560913,
        -0.11908403038978577,
        -0.0013109176652505994,
        0.007008526474237442,
        1.0
      ],
      "q99": [
        0.7096008658409119,
        0.02769641779363147,
        0.11397058516740799,
        -0.011842811666429053,
        0.23004202544689178,
        0.2397480535507202,
        1.0
      ],
      "mask": [
        true,
        true,
        true,
        true,
        true,
        true,
        false
      ]
    },
    "proprio": {
      "mean": [
        -0.17222918570041656,
        0.007177382241934538,
        1.1631314754486084,
        3.080220937728882,
        0.13205040991306305,
        -0.14454184472560883,
        0.03911328315734863,
        -0.03913551941514015
      ],
      "std": [
        0.033313486725091934,
        0.0016257913084700704,
        0.0034970093984156847,
        0.04982384294271469,
        0.1022028997540474,
        0.04014698043465614,
        0.00018161961634177715,
        0.00019660931138787419
      ],
      "max": [
        -0.10866308212280273,
        0.009797217324376106,
        1.17117440700531,
        3.1397178173065186,
        0.41080182790756226,
        -0.08508014678955078,
        0.03936202824115753,
        -0.03872411325573921
      ],
      "min": [
        -0.21680812537670135,
        0.004897935315966606,
        1.1578477621078491,
        2.967054843902588,
        0.004874969366937876,
        -0.19498558342456818,
        0.0387214720249176,
        -0.03941969573497772
      ],
      "q01": [
        -0.21680812537670135,
        0.004897935315966606,
        1.158651351928711,
        2.9802484369277953,
        0.004874969366937876,
        -0.19498558342456818,
        0.0387214720249176,
        -0.03941969573497772
      ],
      "q99": [
        -0.10866308212280273,
        0.009645068012177944,
        1.17117440700531,
        3.1397178173065186,
        0.3880558988451957,
        -0.08508014678955078,
        0.03935870498418808,
        -0.03872411325573921
      ]
    },
    "num_transitions": 64,
    "num_trajectories": 4
  }
}