method,seed,final_clean,final_rauc,final_median_r80,rauc_aulc,best_rauc
bgr_uniform_radius,0,0.75,0.5416666666666666,2.1,0.4049479166666667,0.5833333333333334
bgr_uniform_radius,1,0.75,0.46875,0.6,0.4622395833333333,0.6666666666666666
bgr_uniform_radius,2,1.0,0.4375,1.1,0.5143229166666666,0.6041666666666666
bgr_uniform_radius,3,0.875,0.4479166666666667,1.35,0.45052083333333337,0.5520833333333334
