{
  "burn_in": 30,
  "clean_success": 0.8333333333333334,
  "decision": "usable-calibration",
  "difficulty_ramping": false,
  "env_id": "minatar-asterix",
  "game": "asterix",
  "horizon": 60,
  "max_recovery": 0.8333333333333334,
  "mean_curve": [
    0.8333333333333334,
    0.75,
    0.75,
    0.75,
    0.75,
    0.75,
    0.5,
    0.8333333333333334,
    0.5
  ],
  "mean_reward": 1.5185185185185184,
  "mean_terminal_rate": 0.10185185185185185,
  "min_recovery": 0.5,
  "perturbation": "seed-fixed-random-player-cell-displacement",
  "policy": "gold-seeking-with-one-step-enemy-avoidance",
  "r80": 5.333333333333333,
  "radii": [
    0.0,
    1.0,
    2.0,
    3.0,
    4.0,
    5.0,
    6.0,
    7.0,
    8.0
  ],
  "rauc": 0.71875,
  "recovery_range": 0.33333333333333337,
  "seeds": 12,
  "sticky_action_prob": 0.0
}
